h,L1 Error Estimate,Empirical Convergence Rate p
0.01,0.007751883754090024,
0.005,0.0028104896467128645,1.4637254361896654
0.0025,0.0007549208982772283,1.896424110559943
0.00125,0.00017444053845046498,2.1135901359013247
0.000625,3.9775048822023855e-05,2.1327997422348046
0.0003125,9.212986260746709e-06,2.1101229347290014
0.00015625,2.1814548614482217e-06,2.0783782397051986
7.8125e-05,5.279273304608225e-07,2.046879361396057
3.90625e-05,1.2965496632707263e-07,2.0256618868439182
